[
    {
        "id": 0,
        "name": "abcd",
        "email": "abcd@gmail.com",
        "mobile": "777478479487",
        "height": 5.87,
        "weight": 68,
        "bloodGroup": "A+ve",
        "isOrganDonar": true,
        "isBloodDonar": false,
        "targetWeight": 62,
        "targetDate": "2018-09-28",
        "emergencyContact": "67367283682638",
        "dateOfRegistration": "2018-09-20",
        "isDeleted": false
    },
    {
        "id": 1,
        "name": "abcd",
        "email": "xyz@gmail.com",
        "mobile": "777478479487",
        "height": 5.87,
        "weight": 68,
        "bloodGroup": "A+ve",
        "isOrganDonar": true,
        "isBloodDonar": false,
        "targetWeight": 62,
        "targetDate": "2018-09-28",
        "emergencyContact": "67367283682638",
        "dateOfRegistration": "2018-09-20",
        "isDeleted": false
    },
    {
        "name": "efg",
        "email": "efg@gmail.com",
        "mobile": "46572946",
        "height": 5.87,
        "weight": 68,
        "bloodGroup": "A+ve",
        "isOrganDonar": true,
        "isBloodDonar": false,
        "targetWeight": 62,
        "targetDate": "2018-09-28",
        "emergencyContact": "67367283682638",
        "dateOfRegistration": "2018-09-20",
        "id": 2
    },
    {
        "name": "efg",
        "email": "efg@gmail.com",
        "mobile": "777478479487",
        "height": 5.87,
        "weight": 68,
        "bloodGroup": "A+ve",
        "isOrganDonar": true,
        "isBloodDonar": false,
        "targetWeight": 62,
        "targetDate": "2018-09-28",
        "emergencyContact": "67367283682638",
        "dateOfRegistration": "2018-09-20",
        "id": 3,
        "isDeleted": true
    }
]